Instances,Solution1,Solution2,Solution3,Solution4,Solution5,Best,AVG
QMC-25-1,7746.000442,7746.000442,7746.000442,7746.000442,7746.000442,7746.000442,7746.000442
QMC-25-2,7581.000436,7581.000436,7581.000436,7581.000436,7581.000436,7581.000436,7581.000436
QMC-25-3,7465.000461,7465.000461,7465.000461,7465.000461,7465.000461,7465.000461,7465.000461
QMC-25-4,11933.00145,11933.00145,11933.00145,11933.00145,11957.00145,11933.00145,11937.80145
QMC-25-5,11562.00117,11543.00118,11558.00119,11558.00119,11636.00119,11543.00118,11571.40118
QMC-25-6,11430.00117,11442.00115,11442.00115,11442.00115,11430.00117,11430.00117,11437.20116
QMC-25-7,5666.000261,5666.000261,5666.000261,5666.000261,5666.000261,5666.000261,5666.000261
QMC-25-8,5367.000245,5367.000245,5367.000245,5367.000245,5367.000245,5367.000245,5367.000245
QMC-25-9,5367.000245,5367.000245,5367.000245,5367.000245,5367.000245,5367.000245,5367.000245
QMC-25-10,8302.000805,8302.000805,8302.000805,8302.000805,8302.000805,8302.000805,8302.000805
QMC-25-11,7864.000644,7864.000644,7864.000644,7864.000644,7864.000644,7864.000644,7864.000644
QMC-25-12,7697.000619,7697.000619,7697.000619,7697.000619,7697.000619,7697.000619,7697.000619
QMC-25-13,11325.00097,11325.00097,11325.00097,11325.00097,11325.00097,11325.00097,11325.00097
QMC-25-14,10919.00089,10919.00089,10919.00089,10919.00089,10919.00089,10919.00089,10919.00089
QMC-25-15,10768.00087,10768.00087,10768.00087,10768.00087,10768.00087,10768.00087,10768.00087
QMC-25-16,18015.00258,18015.00258,18179.00258,18304.00253,18179.00258,18015.00258,18138.40257
QMC-25-17,18234.00262,18244.00257,18015.00258,18015.00258,18015.00258,18015.00258,18104.60259
QMC-25-18,17217.00246,17217.00246,17217.00246,17217.00246,17217.00246,17217.00246,17217.00246
QMC-25-19,8516.000551,8516.000551,8516.000551,8516.000551,8516.000551,8516.000551,8516.000551
QMC-25-20,8206.000458,8206.000458,8206.000458,8206.000458,8206.000458,8206.000458,8206.000458
QMC-25-21,8144.000469,8144.000469,8144.000469,8144.000469,8144.000469,8144.000469,8144.000469
QMC-25-22,11775.00138,11775.00138,11775.00138,11775.00138,11775.00138,11775.00138,11775.00138
QMC-25-23,11446.0014,11476.00138,11446.0014,11476.00138,11476.00138,11446.0014,11464.00139
QMC-25-24,11144.00137,11144.00137,11144.00137,11144.00137,11144.00137,11144.00137,11144.00137
QMC-50-25,26161.00082,26183.00083,26161.00082,26161.00082,26183.00083,26161.00082,26169.80083
QMC-50-26,24767.00063,24777.00063,24767.00063,24767.00063,24767.00063,24767.00063,24769.00063
QMC-50-27,24696.00063,24579.00064,24712.00063,24702.00063,24673.00063,24579.00064,24672.40063
QMC-50-28,33976.00253,33936.00252,34100.00254,33931.00252,33796.00252,33796.00252,33947.80253
QMC-50-29,33671.00229,33870.00252,33404.00226,33709.00254,33843.00258,33404.00226,33699.40244
QMC-50-30,33135.00258,32943.00225,32838.00224,33079.00251,32796.00223,32796.00223,32958.20236
QMC-50-31,22270.00049,22264.00049,22264.00049,22270.00049,22270.00049,22264.00049,22267.60049
QMC-50-32,20376.00033,20396.00033,20396.00033,20396.00033,20376.00033,20376.00033,20388.00033
QMC-50-33,20376.00033,20376.00033,20378.00034,20376.00033,20378.00034,20376.00033,20376.80034
QMC-50-34,27019.00141,27019.00141,27019.00141,27019.00141,27019.00141,27019.00141,27019.00141
QMC-50-35,26503.00123,26735.00144,26302.00124,26706.00145,26696.00124,26302.00124,26588.40132
QMC-50-36,25701.0012,25701.0012,25712.00125,25701.0012,25701.0012,25701.0012,25703.20121
QMC-50-37,32824.0017,32824.0017,32824.0017,32856.00175,32778.00168,32778.00168,32821.20171
QMC-50-38,32437.00162,32532.0015,32532.0015,32536.0017,32438.00151,32437.00162,32495.00157
QMC-50-39,32277.00163,32135.00168,32290.0016,32281.00166,32247.00164,32135.00168,32246.00164
QMC-50-40,46006.00451,46067.00455,45939.00484,46040.00451,46077.00451,45939.00484,46025.80458
QMC-50-41,45903.00451,46112.00453,46027.00453,45793.00452,45802.00446,45793.00452,45927.40451
QMC-50-42,44356.00473,44494.00468,44634.00475,44599.00516,44449.00478,44356.00473,44506.40482
QMC-50-43,27496.00094,27418.00095,27460.00093,27494.00093,27583.00094,27418.00095,27490.20094
QMC-50-44,26373.00075,26373.00075,26373.00075,26407.00082,26373.00075,26373.00075,26379.80076
QMC-50-45,26343.0008,26225.00082,26343.0008,26387.00083,26225.00082,26225.00082,26304.60081
QMC-50-46,33368.00239,33321.00241,33310.00239,33211.00238,33339.00239,33211.00238,33309.80239
QMC-50-47,33157.00236,33452.00236,33172.00238,33415.00238,33152.00238,33152.00238,33269.60237
QMC-50-48,32498.00233,32498.00233,32498.00233,32498.00233,32498.00233,32498.00233,32498.00233
QMC-100-49,101140.0016,100956.0016,101371.0016,100933.0016,101120.0016,100933.0016,101104.0016
QMC-100-50,97784.0013,98219.00131,97970.00132,97754.0013,98317.00131,97754.0013,98008.80131
QMC-100-51,97469.00132,97904.00131,97459.0013,97599.00132,97883.00131,97459.0013,97662.80131
QMC-100-52,117334.0052,117251.0051,117946.0051,117874.0051,117345.0051,117251.0051,117550.0051
QMC-100-53,116851.0051,117042.0052,117324.0052,116949.0049,117258.0051,116851.0051,117084.8051
QMC-100-54,115870.0049,115165.0049,115594.0049,115679.0046,115404.0049,115165.0049,115542.4049
QMC-100-55,92112.00091,92115.0009,92152.0009,92276.00092,92162.0009,92112.00091,92163.40091
QMC-100-56,88556.00068,88716.00068,88541.00067,88413.00069,88554.00068,88413.00069,88556.00068
QMC-100-57,88551.00068,88789.00068,88605.00068,88369.00069,88515.00069,88369.00069,88565.80068
QMC-100-58,102531.0029,102429.0029,102520.0027,102232.0027,102515.0029,102232.0027,102445.4028
QMC-100-59,101890.0027,101353.0028,102020.0029,101460.0027,101755.0027,101353.0028,101695.6028
QMC-100-60,100127.0025,100048.0025,100262.0025,100301.0025,99942.00233,99942.00233,100136.0025
QMC-100-61,115018.0035,115008.0034,114782.0035,115185.0035,114898.0035,114782.0035,114978.2035
QMC-100-62,114499.0034,114547.0034,114898.0033,114448.0034,114734.0033,114448.0034,114625.2034
QMC-100-63,114172.0034,113665.0035,113651.0032,114176.0035,113822.0033,113651.0032,113897.2034
QMC-100-64,141954.0091,142754.0095,142528.0094,141835.0095,143074.0091,141835.0095,142429.0093
QMC-100-65,142736.009,142553.0091,142751.01,142230.0095,141985.0091,141985.0091,142451.0093
QMC-100-66,139897.0094,140251.0094,139699.0098,140502.0097,140231.0098,139699.0098,140116.0096
QMC-100-67,103136.0019,103269.0019,103483.0018,102776.0019,102908.0019,102776.0019,103114.4019
QMC-100-68,101635.0017,101726.0016,101576.0017,101527.0017,101464.0017,101464.0017,101585.6017
QMC-100-69,100795.0015,100520.0015,101132.0015,100769.0016,101044.0015,100520.0015,100852.0015
QMC-100-70,116203.0048,116330.0048,116369.0048,116264.0049,116237.0049,116203.0048,116280.6048
QMC-100-71,115656.0048,115546.0048,115594.0048,115701.0052,115610.0048,115546.0048,115621.4049
QMC-100-72,114883.0046,115012.0049,115327.0047,114676.0048,114880.0051,114676.0048,114955.6048
QMC-200-73,394205.0032,394044.0031,394315.0031,393895.0032,393587.0032,393587.0032,394009.2032
QMC-200-74,387995.0025,387698.0025,387090.0025,387061.0024,387412.0025,387061.0024,387451.2025
QMC-200-75,386352.0025,387034.0026,386822.0025,386260.0026,386425.0025,386260.0026,386578.6026
QMC-200-76,427808.0102,427197.0102,427229.0101,425838.0099,425922.0099,425838.0099,426798.8101
QMC-200-77,426993.0103,426889.0103,427093.0099,426793.0104,427403.01,426793.0104,427034.2102
QMC-200-78,422572.0095,423491.0091,424931.0097,423705.0094,422947.0095,422572.0095,423529.2094
QMC-200-79,375366.0017,375546.0017,375705.0017,375100.0017,375192.0017,375100.0017,375381.8017
QMC-200-80,367461.0012,368002.0012,368055.0012,366750.0012,367512.0012,366750.0012,367556.0012
QMC-200-81,366778.0013,367333.0012,367349.0013,366958.0012,367518.0012,366778.0013,367187.2012
QMC-200-82,396486.0054,396597.0056,395962.0053,395616.0054,396113.0054,395616.0054,396154.8054
QMC-200-83,394855.0054,394392.0053,394563.0054,395120.0054,393757.0052,393757.0052,394537.4053
QMC-200-84,390842.0048,391072.0046,391151.0046,390814.0046,391609.0048,390814.0046,391097.6047
QMC-200-85,421794.0068,421981.0068,422241.0068,422789.007,421662.0068,421662.0068,422093.4068
QMC-200-86,421795.0065,421082.0066,421374.0063,422243.0066,421490.0065,421082.0066,421596.8065
QMC-200-87,418994.0064,419136.0064,418827.0063,419363.0066,418649.0063,418649.0063,418993.8064
QMC-200-88,476494.0186,477089.0185,477255.0186,476653.0191,478298.0195,476494.0186,477157.8188
QMC-200-89,478068.0188,477910.0193,477400.0188,477854.0187,476701.0187,476701.0187,477586.6188
QMC-200-90,473437.0191,473152.0191,473503.0187,473573.0184,473607.0191,473152.0191,473454.4188
QMC-200-91,398409.0036,398299.0037,398124.0037,398264.0036,397681.0036,397681.0036,398155.4036
QMC-200-92,395436.0033,396233.0034,395043.0032,395263.0032,394758.0031,394758.0031,395346.6032
QMC-200-93,392935.0031,392863.0031,392006.003,392965.0031,392436.003,392006.003,392641.0031
QMC-200-94,424533.0097,425672.0097,425322.0099,426207.0097,425294.0097,424533.0097,425405.6098
QMC-200-95,424770.01,424453.0097,424508.0098,423159.0096,423940.0096,423159.0096,424166.0097
QMC-200-96,422818.0096,422696.0098,421821.0095,422753.0096,422124.0095,421821.0095,422442.4096